model,train_accuracy,test_accuracy,precision,recall,f1_score
BERT,0.9629317607413648,0.8627946127946128,0.8649856981719227,0.8627946127946128,0.863341293456725
