model,train_accuracy,test_accuracy,precision,recall,f1_score
GRU,0.9418964025219434,0.8279782501235788,0.8358613171676212,0.8279782501235788,0.8282443799632303
LSTM,0.9506737544813944,0.8319327731092437,0.8312833405878247,0.8319327731092437,0.8298495055556436
RNN,0.8786005686735072,0.680177953534355,0.6821207043873125,0.680177953534355,0.6780872688731123
BERT,0.9629317607413648,0.8627946127946128,0.8649856981719227,0.8627946127946128,0.863341293456725
